MAG	SCG_source	SCG_found	Completeness	Redundancy
Hokovirus_KY684103	NA	NA	NA	NA
Moniruzzaman_MM01_SRX802077_122_dc	NA	NA	NA	NA
Moniruzzaman_MM15_ERX556043_42_dc	NA	NA	NA	NA
Schultz_GVMAG_M_3300003404_4	NA	NA	NA	NA
Schultz_GVMAG_M_3300009441_23	NA	NA	NA	NA
Schultz_GVMAG_M_3300010334_45	NA	NA	NA	NA
Schultz_GVMAG_M_3300020185_80	NA	NA	NA	NA
Schultz_GVMAG_M_3300020187_94	NA	NA	NA	NA
Schultz_GVMAG_M_3300021375_17	NA	NA	NA	NA
Schultz_GVMAG_M_3300023184_120	NA	NA	NA	NA
Schultz_GVMAG_M_3300024261_25	NA	NA	NA	NA
Schultz_GVMAG_M_3300025767_21	NA	NA	NA	NA
Schultz_GVMAG_M_3300025880_30	NA	NA	NA	NA
Schultz_GVMAG_M_3300027707_43	NA	NA	NA	NA
Schultz_GVMAG_S_3300010368_67	NA	NA	NA	NA
Schultz_GVMAG_S_3300010368_72	NA	NA	NA	NA
Schultz_GVMAG_S_ERX556045_64	NA	NA	NA	NA
TARA_MED_NCLDV_Bin_121_14_c	NA	NA	NA	NA
TARA_PSW_NCLDV_Bin_158_1_c	NA	NA	NA	NA
Yasminevirus_GU_2018	NA	NA	NA	NA
